"subject_id","group","time_month","event"
"S001","Control",8.19055974083168,1
"S002","Control",4.07344666309655,1
"S003","Control",13.7753711316191,1
"S004","Control",0.366620919827812,1
"S005","Control",8.09663505790879,0
"S006","Control",0.085468062510093,1
"S007","Control",3.16290953713987,1
"S008","Control",15.3608290991321,0
"S009","Control",17.5481513547172,1
"S010","Control",4.24110684380739,0
"S011","Control",4.69308316885117,0
"S012","Control",18.4674532867739,0
"S013","Control",19.1399582755833,0
"S014","Control",6.22234303090307,1
"S015","Control",14.4385268907052,1
"S016","Control",1.27095236415065,1
"S017","Control",22.3274745773872,1
"S018","Control",7.4797468415151,1
"S019","Control",24,0
"S020","Control",0.299153809761738,1
"S021","Control",6.17425864976313,1
"S022","Control",1.37396462054716,1
"S023","Control",1.25429279851412,0
"S024","Control",0.057662335396873,1
"S025","Control",1.82243985020452,1
"S026","Control",0.0740234572534801,1
"S027","Control",4.70610789714914,1
"S028","Control",6.51846068600813,0
"S029","Control",9.759395472354,1
"S030","Control",8.27494699200838,1
"S031","Control",10.5571017906369,1
"S032","Control",9.27481907890585,1
"S033","Control",1.33239179676746,1
"S034","Control",15.0744723565348,1
"S035","Control",19.8834665110313,1
"S036","Control",23.6949692105816,1
"S037","Control",0.898520720915662,1
"S038","Control",0.612587248906493,1
"S039","Control",8.10693917335418,0
"S040","Control",6.36764468314747,1
"S041","Treatment",24,0
"S042","Treatment",7.06424177124627,1
"S043","Treatment",4.12564352703541,1
"S044","Treatment",15.8746216693498,0
"S045","Treatment",8.54187509552999,0
"S046","Treatment",2.92001820489822,1
"S047","Treatment",9.36438364230774,1
"S048","Treatment",4.94017602706497,0
"S049","Treatment",2.45180677791888,1
"S050","Treatment",4.3746791779995,0
"S051","Treatment",9.52364330556223,1
"S052","Treatment",11.9354815391654,1
"S053","Treatment",13.6805126605199,1
"S054","Treatment",20.9700006645324,1
"S055","Treatment",19.2825231354835,1
"S056","Treatment",24,0
"S057","Treatment",24,0
"S058","Treatment",24,0
"S059","Treatment",14.0898999110835,1
"S060","Treatment",11.7518786002289,1
"S061","Treatment",24,0
"S062","Treatment",5.45074998993765,1
"S063","Treatment",24,0
"S064","Treatment",11.2627464939247,1
"S065","Treatment",4.02313340455294,0
"S066","Treatment",23.8326078950494,1
"S067","Treatment",11.5902367217297,1
"S068","Treatment",10.3800629519603,1
"S069","Treatment",24,0
"S070","Treatment",17.7270507940327,1
"S071","Treatment",24,0
"S072","Treatment",8.22779317809777,1
"S073","Treatment",21.5760005461034,1
"S074","Treatment",22.858906096269,1
"S075","Treatment",0.942566304165249,1
"S076","Treatment",24,0
"S077","Treatment",22.0441794353943,1
"S078","Treatment",18.2932978962137,1
"S079","Treatment",1.8354859541763,1
"S080","Treatment",9.62250510329503,1
