"patient","duration","response_start","progression","status"
"P01",10.2467458504252,2.76189959066308,8.31728195020868,"PR"
"P02",10.3149142321199,1.60072800633944,NA,"CR"
"P03",10.9552899589762,2.65814753781933,9.5214190155732,"PR"
"P04",11.7318892667536,2.16936924381131,10.2033034361642,"CR"
"P05",11.7464046382811,2.65688618256877,10.5839449001826,"PR"
"P06",13.641128072748,2.76757441039568,NA,"CR"
"P07",14.2581698612776,2.12949998377483,NA,"PR"
"P08",14.4757851301692,4.6727470463747,12.3476778994968,"CR"
"P09",16.4729413068853,3.35708482160025,NA,"PR"
"P10",17.3986905636266,5.01526228046491,NA,"CR"
"P11",21.2128539187834,3.71793697584443,NA,"PR"
"P12",21.8895464700181,5.12539825410305,16.7652700688614,"CR"
