"subject_id","group","day","value"
"S01","Control",0,62.852984068111
"S02","Control",0,56.3349834754614
"S03","Control",0,57.5515925661289
"S04","Control",0,58.2370581890537
"S05","Control",0,52.9379634759931
"S06","Control",0,58.5730905069801
"S07","Control",0,59.4018920666649
"S08","Control",0,58.8309708784169
"S09","Control",0,61.0295964680469
"S10","Control",0,56.9794797572379
"S11","Control",0,55.0743450076733
"S12","Control",0,52.8656991024103
"S01","Treatment",0,59.5236330754629
"S02","Treatment",0,59.0432073496347
"S03","Treatment",0,64.0828860608984
"S04","Treatment",0,66.00244468795
"S05","Treatment",0,55.728059111598
"S06","Treatment",0,54.4674087206379
"S07","Treatment",0,60.8098651255723
"S08","Treatment",0,63.1211070058212
"S09","Treatment",0,59.5633413735364
"S10","Treatment",0,59.2558018380987
"S11","Treatment",0,54.5316892044947
"S12","Treatment",0,59.3758789389857
"S01","Control",7,61.5256719504852
"S02","Control",7,62.686557399482
"S03","Control",7,65.6124918247092
"S04","Control",7,62.9996896523866
"S05","Control",7,59.2678377178634
"S06","Control",7,57.2685130584045
"S07","Control",7,52.9009101798603
"S08","Control",7,61.6833895502875
"S09","Control",7,53.2611020233467
"S10","Control",7,59.9323918671805
"S11","Control",7,59.0352516096124
"S12","Control",7,56.6387657614494
"S01","Treatment",7,62.077574033907
"S02","Treatment",7,62.6636108149329
"S03","Treatment",7,60.0541557640073
"S04","Treatment",7,64.8074702980094
"S05","Treatment",7,61.2123350385934
"S06","Treatment",7,63.0437051715702
"S07","Treatment",7,58.7157406652494
"S08","Treatment",7,65.604517745692
"S09","Treatment",7,61.7750256463731
"S10","Treatment",7,60.5411797988177
"S11","Treatment",7,60.6865653624451
"S12","Treatment",7,66.4227633066055
"S01","Control",14,55.7237381712084
"S02","Control",14,56.5536823203822
"S03","Control",14,67.3656088349833
"S04","Control",14,57.3437961197125
"S05","Control",14,60.048395828153
"S06","Control",14,59.3737116890357
"S07","Control",14,63.111961711565
"S08","Control",14,62.3226811394399
"S09","Control",14,57.9426908490254
"S10","Control",14,65.8444437338015
"S11","Control",14,53.9589154396922
"S12","Control",14,54.6873811836941
"S01","Treatment",14,68.0693010227803
"S02","Treatment",14,70.6315282714224
"S03","Treatment",14,70.927158649365
"S04","Treatment",14,68.3681529439733
"S05","Treatment",14,72.998697987792
"S06","Treatment",14,69.8155253999974
"S07","Treatment",14,66.9392452582054
"S08","Treatment",14,64.6463470385408
"S09","Treatment",14,66.1519140100358
"S10","Treatment",14,70.0484728346438
"S11","Treatment",14,68.6971310551811
"S12","Treatment",14,68.6810386476796
"S01","Control",28,59.5966626559889
"S02","Control",28,63.464506015236
"S03","Control",28,58.984306800507
"S04","Control",28,60.8021364159706
"S05","Control",28,58.4054554056046
"S06","Control",28,58.5688772348279
"S07","Control",28,57.9707853429109
"S08","Control",28,69.1008167446961
"S09","Control",28,61.5457838489594
"S10","Control",28,59.4033650591853
"S11","Control",28,61.076097365643
"S12","Control",28,58.5728060829595
"S01","Treatment",28,70.091947864727
"S02","Treatment",28,74.6815449099724
"S03","Treatment",28,78.3936750901435
"S04","Treatment",28,67.5151723155197
"S05","Treatment",28,77.8835197052575
"S06","Treatment",28,79.2327023824158
"S07","Treatment",28,78.013733769324
"S08","Treatment",28,75.1434007825116
"S09","Treatment",28,72.6948522638015
"S10","Treatment",28,75.0374582155915
"S11","Treatment",28,66.9622774958297
"S12","Treatment",28,65.4121782730506
